workflow,rank,protein_group,genes,protein_names,intensity
Neat,1,P02768,ALB,ALBU_HUMAN,243472000.0
Neat,2,P02647,APOA1,APOA1_HUMAN,90264700.0
Neat,3,P01857-1,IGHG1,IGHG1_HUMAN,59571400.0
Neat,4,P02787,TF,TRFE_HUMAN,42280600.0
Neat,5,P01859,IGHG2,IGHG2_HUMAN,35110300.0
Neat,6,P00738,HP,HPT_HUMAN,26645400.0
Neat,7,P02679,FGG,FIBG_HUMAN,18339900.0
Neat,8,P01834,IGKC,IGKC_HUMAN,17602400.0
Neat,9,P01023,A2M,A2MG_HUMAN,16883200.0
Neat,10,P01024,C3,CO3_HUMAN,15328100.0
Neat,11,P01876-1,IGHA1,IGHA1_HUMAN,15066400.0
Neat,12,P02675,FGB,FIBB_HUMAN,14080700.0
Neat,13,P01871-1,IGHM,IGHM_HUMAN,13098300.0
Neat,14,P02671,FGA,FIBA_HUMAN,13075700.0
Neat,15,P68871,HBB,HBB_HUMAN,12001000.0
Neat,16,P10412,H1-4,H14_HUMAN,10740394.725
Neat,17,B9A064,IGLL5,IGLL5_HUMAN,10459500.0
Neat,18,P02790,HPX,HEMO_HUMAN,9963910.0
Neat,19,P01860,IGHG3,IGHG3_HUMAN,9833290.0
Neat,20,P02763,ORM1,A1AG1_HUMAN,8537290.0
Neat,21,A0A075B6H7,IGKV3-7,KV37_HUMAN,6758800.0
Neat,22,P00450,CP,CERU_HUMAN,6561950.0
Neat,23,P00747,PLG,PLMN_HUMAN,6025820.0
Neat,24,P06727,APOA4,APOA4_HUMAN,5968070.0
Neat,25,P02749,APOH,APOH_HUMAN,5803240.0
Neat,26,P01619,IGKV3-20,KV320_HUMAN,5134890.0
Neat,27,P02765,AHSG,FETUA_HUMAN,5094500.0
Neat,28,P02656,APOC3,APOC3_HUMAN,5030850.0
Neat,29,P01780,IGHV3-7,HV307_HUMAN,4846210.0
Neat,30,P05155;P05155-3,SERPING1,IC1_HUMAN,4751630.0
PCA-N,1,P02763,ORM1,A1AG1_HUMAN,1741640000.0
PCA-N,2,P02766,TTR,TTHY_HUMAN,806583000.0
PCA-N,3,P05090,APOD,APOD_HUMAN,228217000.0
PCA-N,4,P02656,APOC3,APOC3_HUMAN,213857000.0
PCA-N,5,P02790,HPX,HEMO_HUMAN,210601000.0
PCA-N,6,P02749,APOH,APOH_HUMAN,162733000.0
PCA-N,7,P19652,ORM2,A1AG2_HUMAN,133352000.0
PCA-N,8,P02768,ALB,ALBU_HUMAN,91884100.0
PCA-N,9,P02647,APOA1,APOA1_HUMAN,55629400.0
PCA-N,10,P02652,APOA2,APOA2_HUMAN,43717700.0
PCA-N,11,P02654,APOC1,APOC1_HUMAN,43250700.0
PCA-N,12,P08185,SERPINA6,CBG_HUMAN,39638200.0
PCA-N,13,P23276,KEL,KELL_HUMAN,36659400.0
PCA-N,14,P14151;P14151-2,SELL,LYAM1_HUMAN,34227800.0
PCA-N,15,P16070;P16070-3;P16070-4;P16070-5;P16070-7;P16070-8,CD44,CD44_HUMAN,30212000.0
PCA-N,16,P05155;P05155-3,SERPING1,IC1_HUMAN,29051200.0
PCA-N,17,P01857-1,IGHG1,IGHG1_HUMAN,28676800.0
PCA-N,18,P10909;P10909-2;P10909-4;P10909-5;P10909-6,CLU,CLUS_HUMAN,27726900.0
PCA-N,19,P02760,AMBP,AMBP_HUMAN,25078500.0
PCA-N,20,P01009,SERPINA1,A1AT_HUMAN,23807600.0
PCA-N,21,P01008,SERPINC1,ANT3_HUMAN,23740600.0
PCA-N,22,P55039,DRG2,DRG2_HUMAN,23339000.0
PCA-N,23,P49908,SELENOP,SEPP1_HUMAN,21850000.0
PCA-N,24,P38646,HSPA9,GRP75_HUMAN,21434200.0
PCA-N,25,P62328,TMSB4X,TYB4_HUMAN,20486000.0
PCA-N,26,P19525,EIF2AK2,E2AK2_HUMAN,19143500.0
PCA-N,27,P01042,KNG1,KNG1_HUMAN,17340400.0
PCA-N,28,P02671,FGA,FIBA_HUMAN,16255900.0
PCA-N,29,P02655,APOC2,APOC2_HUMAN,15674100.0
PCA-N,30,P00738,HP,HPT_HUMAN,14304900.0
SAX,1,P19823,ITIH2,ITIH2_HUMAN,594416000.0
SAX,2,P00734,F2,THRB_HUMAN,413888000.0
SAX,3,P0C0L5,C4B,CO4B_HUMAN,377831000.0
SAX,4,P06727,APOA4,APOA4_HUMAN,251651000.0
SAX,5,P19827,ITIH1,ITIH1_HUMAN,199418000.0
SAX,6,P04004,VTN,VTNC_HUMAN,127688000.0
SAX,7,P02679,FGG,FIBG_HUMAN,113701000.0
SAX,8,P04003,C4BPA,C4BPA_HUMAN,112013000.0
SAX,9,P07225,PROS1,PROS_HUMAN,91822900.0
SAX,10,P02675,FGB,FIBB_HUMAN,83564300.0
SAX,11,P51884,LUM,LUM_HUMAN,75156000.0
SAX,12,P02647,APOA1,APOA1_HUMAN,67101800.0
SAX,13,P02655,APOC2,APOC2_HUMAN,65170600.0
SAX,14,P02671,FGA,FIBA_HUMAN,62762700.0
SAX,15,P02656,APOC3,APOC3_HUMAN,58796500.0
SAX,16,Q08380,LGALS3BP,LG3BP_HUMAN,50349600.0
SAX,17,Q14520;Q14520-2,HABP2,HABP2_HUMAN,49091900.0
SAX,18,P02768,ALB,ALBU_HUMAN,45052700.0
SAX,19,Q06033;Q06033-2,ITIH3,ITIH3_HUMAN,42193800.0
SAX,20,P02760,AMBP,AMBP_HUMAN,40532000.0
SAX,21,P00742,F10,FA10_HUMAN,37953000.0
SAX,22,P01042,KNG1,KNG1_HUMAN,36109200.0
SAX,23,P00740,F9,FA9_HUMAN,32304100.0
SAX,24,P0C0L4,C4A,CO4A_HUMAN,29704400.0
SAX,25,P01857-1,IGHG1,IGHG1_HUMAN,29356900.0
SAX,26,P01871-1,IGHM,IGHM_HUMAN,28818700.0
SAX,27,P10909;P10909-2;P10909-4;P10909-5;P10909-6,CLU,CLUS_HUMAN,28750000.0
SAX,28,P02649,APOE,APOE_HUMAN,26810200.0
SAX,29,P12259,F5,FA5_HUMAN,25436200.0
SAX,30,P20851;P20851-2,C4BPB,C4BPB_HUMAN,23002100.0
Sera Sil 700,1,P02647,APOA1,APOA1_HUMAN,2476080000.0
Sera Sil 700,2,P02747,C1QC,C1QC_HUMAN,220081000.0
Sera Sil 700,3,P04114,APOB,APOB_HUMAN,201053000.0
Sera Sil 700,4,Q08380,LGALS3BP,LG3BP_HUMAN,182148000.0
Sera Sil 700,5,P02768,ALB,ALBU_HUMAN,146641000.0
Sera Sil 700,6,P06727,APOA4,APOA4_HUMAN,140870000.0
Sera Sil 700,7,P02654,APOC1,APOC1_HUMAN,137651000.0
Sera Sil 700,8,P68871,HBB,HBB_HUMAN,97229400.0
Sera Sil 700,9,P05090,APOD,APOD_HUMAN,73919000.0
Sera Sil 700,10,P02655,APOC2,APOC2_HUMAN,71969700.0
Sera Sil 700,11,P02746,C1QB,C1QB_HUMAN,65323000.0
Sera Sil 700,12,P02656,APOC3,APOC3_HUMAN,65204100.0
Sera Sil 700,13,P35542,SAA4,SAA4_HUMAN,61493900.0
Sera Sil 700,14,P02649,APOE,APOE_HUMAN,61060100.0
Sera Sil 700,15,P01871-1,IGHM,IGHM_HUMAN,55641600.0
Sera Sil 700,16,P04196,HRG,HRG_HUMAN,53134700.0
Sera Sil 700,17,P01857-1,IGHG1,IGHG1_HUMAN,53073000.0
Sera Sil 700,18,P08519,LPA,APOA_HUMAN,50874300.0
Sera Sil 700,19,P02745,C1QA,C1QA_HUMAN,49817600.0
Sera Sil 700,20,P60709,ACTB,ACTB_HUMAN,45756800.0
Sera Sil 700,21,P27918,CFP,PROP_HUMAN,45276400.0
Sera Sil 700,22,P69905,HBA1,HBA_HUMAN,36075400.0
Sera Sil 700,23,O95445,APOM,APOM_HUMAN,35286000.0
Sera Sil 700,24,P05155;P05155-3,SERPING1,IC1_HUMAN,26138400.0
Sera Sil 700,25,P02679,FGG,FIBG_HUMAN,23674500.0
Sera Sil 700,26,P02675,FGB,FIBB_HUMAN,22288500.0
Sera Sil 700,27,P04003,C4BPA,C4BPA_HUMAN,19939700.0
Sera Sil 700,28,P02671,FGA,FIBA_HUMAN,18444500.0
Sera Sil 700,29,P01834,IGKC,IGKC_HUMAN,16498800.0
Sera Sil 700,30,P01024,C3,CO3_HUMAN,16248300.0
Non-magnetic,1,P04004,VTN,VTNC_HUMAN,557310000.0
Non-magnetic,2,P02679,FGG,FIBG_HUMAN,152727000.0
Non-magnetic,3,P02675,FGB,FIBB_HUMAN,145248000.0
Non-magnetic,4,P02647,APOA1,APOA1_HUMAN,123185000.0
Non-magnetic,5,P02768,ALB,ALBU_HUMAN,105366000.0
Non-magnetic,6,P02671,FGA,FIBA_HUMAN,89706200.0
Non-magnetic,7,P01857-1,IGHG1,IGHG1_HUMAN,52357300.0
Non-magnetic,8,P04114,APOB,APOB_HUMAN,50337600.0
Non-magnetic,9,P02649,APOE,APOE_HUMAN,44322600.0
Non-magnetic,10,P01042,KNG1,KNG1_HUMAN,40267300.0
Non-magnetic,11,P02656,APOC3,APOC3_HUMAN,35957900.0
Non-magnetic,12,P02749,APOH,APOH_HUMAN,33814000.0
Non-magnetic,13,P00751,CFB,CFAB_HUMAN,29842500.0
Non-magnetic,14,P01024,C3,CO3_HUMAN,28487900.0
Non-magnetic,15,P06727,APOA4,APOA4_HUMAN,25128100.0
Non-magnetic,16,P10909;P10909-2;P10909-4;P10909-5;P10909-6,CLU,CLUS_HUMAN,23787000.0
Non-magnetic,17,P12259,F5,FA5_HUMAN,23088300.0
Non-magnetic,18,Q14520;Q14520-2,HABP2,HABP2_HUMAN,21749000.0
Non-magnetic,19,P08519,LPA,APOA_HUMAN,21061000.0
Non-magnetic,20,P02748,C9,CO9_HUMAN,17897700.0
Non-magnetic,21,P05155;P05155-3,SERPING1,IC1_HUMAN,15635100.0
Non-magnetic,22,P15169,CPN1,CBPN_HUMAN,14807800.0
Non-magnetic,23,P19823,ITIH2,ITIH2_HUMAN,14552600.0
Non-magnetic,24,P02776,PF4,PLF4_HUMAN,14457600.0
Non-magnetic,25,P06396,GSN,GELS_HUMAN,13644200.0
Non-magnetic,26,P02655,APOC2,APOC2_HUMAN,13028700.0
Non-magnetic,27,P01859,IGHG2,IGHG2_HUMAN,12252800.0
Non-magnetic,28,P36955,SERPINF1,PEDF_HUMAN,12044400.0
Non-magnetic,29,Q14624,ITIH4,ITIH4_HUMAN,11990300.0
Non-magnetic,30,O75093,SLIT1,SLIT1_HUMAN,11416100.0
